0,vtype,s5
0,class,s6
0,$,r4
0,CODE,1
0,VDECL,2
0,FDECL,3
0,CDECL,4
1,$,acc
2,vtype,s5
2,class,s6
2,$,r4
2,CODE,7
2,VDECL,2
2,FDECL,3
2,CDECL,4
3,vtype,s5
3,class,s6
3,$,r4
3,CODE,8
3,VDECL,2
3,FDECL,3
3,CDECL,4
4,vtype,s5
4,class,s6
4,$,r4
4,CODE,9
4,VDECL,2
4,FDECL,3
4,CDECL,4
5,id,s10
5,ASSIGN,11
6,id,s12
7,$,r1
8,$,r2
9,$,r3
10,semi,s13
10,assign,s15
10,lparen,s14
11,semi,s16
12,lbrace,s17
13,vtype,r5
13,id,r5
13,rbrace,r5
13,if,r5
13,while,r5
13,return,r5
13,class,r5
13,$,r5
14,vtype,s19
14,rparen,r21
14,ARG,18
15,id,s28
15,literal,s22
15,character,s23
15,boolstr,s24
15,lparen,s27
15,num,s29
15,RHS,20
15,EXPR,21
15,EXPRA,25
15,EXPRAA,26
16,vtype,r6
16,id,r6
16,rbrace,r6
16,if,r6
16,while,r6
16,return,r6
16,class,r6
16,$,r6
17,vtype,s5
17,rbrace,r39
17,VDECL,31
17,FDECL,32
17,ODECL,30
18,rparen,s33
19,id,s34
20,semi,r7
21,semi,r8
21,addsub,s35
22,semi,r9
23,semi,r10
24,semi,r11
25,semi,r13
25,addsub,r13
25,multdiv,s36
26,semi,r15
26,addsub,r15
26,multdiv,r15
27,id,s28
27,lparen,s27
27,num,s29
27,EXPRAA,37
28,semi,r17
28,addsub,r17
28,multdiv,r17
28,rparen,r17
29,semi,r18
29,addsub,r18
29,multdiv,r18
29,rparen,r18
30,rbrace,s38
31,vtype,s5
31,rbrace,r39
31,VDECL,31
31,FDECL,32
31,ODECL,39
32,vtype,s5
32,rbrace,r39
32,VDECL,31
32,FDECL,32
32,ODECL,40
33,lbrace,s41
34,rparen,r23
34,comma,s43
34,MOREARGS,42
35,id,s28
35,lparen,s27
35,num,s29
35,EXPRA,44
35,EXPRAA,26
36,id,s28
36,lparen,s27
36,num,s29
36,EXPRA,45
37,rparen,s46
38,vtype,r36
38,class,r36
38,$,r36
39,rbrace,r37
40,rbrace,r38
41,vtype,s53
41,id,s54
41,lbrace,r25
41,if,s51
41,while,s52
41,return,r25
41,VDECL,49
41,ASSIGN,50
41,BLOCK,47
41,STMT,48
42,rparen,r20
43,vtype,s55
44,assign,r12
44,addsub,r12
44,multdiv,s36
45,assign,r14
45,addsub,r14
45,multdiv,r14
46,semi,r16
46,addsub,r16
46,multdiv,r16
46,rparen,r16
47,return,s57
47,RETURN,56
48,vtype,s53
48,id,s54
48,rbrace,r25
48,if,s51
48,while,s52
48,return,r25
48,VDECL,49
48,ASSIGN,50
48,BLOCK,58
48,STMT,48
49,vtype,r26
49,id,r26
49,lbrace,r26
49,if,r26
49,while,r26
49,return,26
50,semi,s59
51,lparen,s60
52,lparen,s61
53,id,s62
53,ASSIGN,11
54,assign,s15
55,id,s63
56,rbrace,s64
57,id,s28
57,literal,s22
57,character,s23
57,boolstr,s24
57,lparen,s27
57,num,s29
57,RHS,65
57,EXPR,21
57,EXPRA,25
57,EXPRAA,26
58,rbrace,r24
58,return,r24
59,vtype,r27
59,id,r27
59,rbrace,r27
59,if,r27
59,while,r27
59,return,r27
60,boolstr,s68
60,COND,66
60,CONDA,67
61,boolstr,s68
61,COND,69
61,CONDA,67
62,semi,s13
62,assign,s15
63,rparen,r23
63,comma,s43
63,MOREARGS,70
64,vtype,r19
64,rbrace,r19
64,class,r19
64,$,r19
65,semi,s71
66,rparen,s72
66,comp,s73
67,rparen,r31
67,comp,r31
68,rparen,r32
68,comp,r32
69,rparen,s74
69,comp,s73
70,rparen,r22
71,rbrace,r35
72,lbrace,s75
73,boolstr,s68
73,CONDA,76
74,lbrace,s77
75,vtype,s53
75,id,s54
75,rbrace,r25
75,if,s51
75,while,s52
75,return,r25
75,VDECL,49
75,ASSIGN,50
75,BLOCK,78
75,STMT,48
76,rparen,r30
76,comp,r30
77,vtype,s53
77,id,s54
77,rbrace,r25
77,if,s51
77,while,s52
77,return,r25
77,VDECL,49
77,ASSIGN,50
77,BLOCK,79
77,STMT,48
78,rbrace,s80
79,rbrace,s81
80,vtype,r34
80,id,r34
80,rbrace,r34
80,if,r34
80,while,r34
80,else,s83
80,return,r34
80,ELSE,82
81,vtype,r29
81,id,r29
81,rbrace,r29
81,if,r29
81,while,r29
81,return,r29
82,vtype,r28
82,id,r28
82,rbrace,r28
82,if,r28
82,while,r28
82,return,r28
83,lbrace,s84
84,vtype,s53
84,id,s54
84,rbrace,r25
84,if,s51
84,while,s52
84,return,r25
84,VDECL,49
84,ASSIGN,50
84,BLOCK,85
84,STMT,48
85,rbrace,s86
86,vtype,r33
86,id,r33
86,rbrace,r33
86,if,r33
86,while,r33
86,return,r33